ref,type,agence,derniere_vgp,remarque
NAC112,Nacelle 12 m,Lyon Est,2026-07-10,
NAC140,Nacelle 12 m,Grenoble,2026-08-20,
NAC118,Nacelle 12 m,Annecy,2026-04-15,
NAC089,Nacelle 16 m,Lyon Est,2026-03-05,
NAC201,Nacelle 20 m,Villeurbanne,2026-09-02,
MINI07,Mini-pelle 1.8 t,Lyon Est,,a l'atelier (verin casse) jusqu'au 2026-10-20
MINI12,Mini-pelle 1.8 t,Saint-Etienne,,
MINI15,Mini-pelle 3.5 t,Clermont-Ferrand,,
COMP21,Compacteur,Lyon Est,,
COMP30,Compacteur,Annecy,,
ECH40,Echafaudage 40 m2,Lyon Est,,
ECH41,Echafaudage 40 m2,Valence,,
